final_sev,id,dimension,status,warehouse,title,claim,evidence,refuter,adjust,deeper_root_cause,recommendation
P0,D1-06,D1-entry,风险,共识,入口各写各表:同一共识仓被三套独立写入路径直插,"consensus 仓(atomic_facts/commitments/risk_signals)至少有三套互不统一的写入路径:IngestPipeline.ingest(走 source_registry)、chat_message_reverse_ingester(直接 INSERT)、document_llm_extractor 等深读 worker——各自管理 source 字段,无统一登记。","代码: ingest_pipeline.py:749 INSERT INTO atomic_facts(带 source_registry_id);chat_message_reverse_ingester.py:287 独立 INSERT INTO atomic_facts(不带 source_registry_id);文件头注释""写入出口统一走 IngestPipeline.ingest()""(ingest_pipeline.py:14)与现实不符。documents 表全库有 ~15 处 INSERT(grep 'INSERT INTO documents' main.py=9 + services=6)。",成立,up,"真正更深根因不是「三套入口各写各表」,而是【共识仓的 source 溯源在 schema 与数据两层都未真正落地,且主力写手是已脱离当前代码的历史回填路径】:  A) 主力写手根本不在原结论列举的任一路径里。真库 atomic_facts 2288 条中 1981 条(87%)是 plain-UUID 主键(如 0676ba40-5f9e-41d2-...,非 af_/af_chat/af_mm/fact_dr 前缀),actor_type='human'、actor_id 空、reasoning_trace_id 空、source_registry_id=NULL,只挂 source_v2_document_id/chunk_id。当前代码 5 个 INSERT 点全部用带前缀的 id 生成,无一产生 plain-UUID——证明这 1981 条来自一个已不在现行代码中的 legacy/回填写手。SQL 月度分布: 2026-03=1098 / 04=282 / 05=599 / 06=2,跨 223 个不同 v2_document。原结论盯着 chat/深读 worker,而真正灌满共识仓的是这个谁也管不到、无 source_registry 的历史路径。  B) schema 层就没给共识仓统一溯源字段。`SELECT ... source_registry_id FROM commitments` 报错 no such column——commitments 表压根没有 source_registry_id 列,所以「commitments 收口到统一 IngestSource登记」在结构上不可能;risk_signals 走的是另一套 source_type+source_id 模型(PRAGMA 显示无 registry 关联)。三张共识表是三种互不兼容的溯源 schema,不是「同一登记被三套路径绕过」,而是「根本不存在一个所有共识表共享的 source 契约」。  C) 因此根因链是: 共识仓三表溯源 schema 分裂(C) → 唯一的统一登记函数 register_source 后加且只对少数新路径接(B 部分修补) → 真库主力是无登记的历史回填(A) ⇒ 表象才是「各写各表、source 不统一」。收口单一 IngestPipeline 治不了 A(历史数据已落库、写手已不存在)也治不了 B(commitments/risk_signals 无字段可收口)。  严重度应维持 P1 偏上甚至触及 P0 的溯源不可信门槛: 真库 87% 共识事实 source_registry_id=NULL、source_registry 仅 4 行,等于「绝大多数被页面消费的事实无法回溯到原始资料」,这正是北极星里「来源不可溯」的 P0 判据。","把 atomic_facts/commitments/risk_signals 的写入收口到单一 IngestPipeline,所有 worker 经它落库并强制带 source 登记;消除 chat/深读各自直插,实现""一个写入出口""。"
P0,D6-03,D6-web-test-sec,风险,NA,90个历史失败测试被xfail(strict=False)集中静音保CI绿灯,"conftest用pytest_collection_modifyitems把_known_failing.py的90个测试统一打xfail,strict=False使其修复后变XPASS也不报警,等于关掉这90条的回归保护","backend/tests/_known_failing.py:KNOWN_FAILING_TESTS frozenset 90条(grep -c 命中90),docstring自述'90 failed/466 passed',65条在test_api_smoke.py。conftest.py:24-30 pytest.mark.xfail(strict=False) 按nodeid自动追加;conftest.py:27注释'通过时变XPASS,不算错'。后端共1233个test函数/130文件",成立,up,"原结论""xfail 静音保 CI 绿灯""只是中间层。更深根因有两层：  【更深根因一(P0级，比xfail严重得多)：根本不存在跑测试的 CI】 仓库唯一的 GitHub Actions workflow 是 .github/workflows/windows-release.yml，全文 grep 后 0 处 pytest/backend:test 调用——它只有3个job(build-unsigned/sign-with-SignPath/refresh-update-metadata)，纯打包+签名流水线(grep run: 仅 npm ci / npm run release:windows)。 且其触发器 .github/workflows/windows-release.yml on: 仅 workflow_dispatch(手动派发，需手填 ref)，全 .github/ 目录 grep ""push:|pull_request:"" = 0 命中 → 没有任何 push/PR 自动触发的测试门禁。无 .pre-commit-config / .husky 跑 pytest(均未命中)。 推论: 所谓""保CI绿灯""的 CI 在 push/PR 路径上根本不存在。xfail 这88条把本地 `npm run backend:test`(package.json:27 = uv run pytest)的退出码刷绿，但即便不 xfail、让它们 fail，也不会挡住任何合并或发版——因为没有门在那里。真正的回归保护缺口不是""88条被静音""，而是""整条后端测试链路从未进入任何自动化门禁""。1233个测试函数/140文件全靠人手本地跑。  【更深根因二：xfail 不是唯一静音通道，还有整文件级 skip 把更多测试从分母里抹掉】 除 conftest 外，至少3个文件用文件级 pytestmark 直接 skip(比 xfail 更狠，连跑都不跑、XPASS都不会出现)： - test_intelligence_refresh_api.py:14 pytestmark=pytest.mark.skip(reason=""同事资讯情报站半成品—共享胶水待补齐"") 整个资讯情报站API测试组失明 - test_v22_narrative_kernel.py:10 pytestmark=skip(reason=""NarrativeKernel 8段已废弃"") - test_local_organization_e2e.py:42 skipif(not PROD_DB.exists()) + 内部 pytest.skip(缺cloud creds) → 真·云e2e在CI环境必跳。 所以""88条xfail""只是可见冰山，skip 通道把另一批(含资讯情报站这种整模块)直接从计数里删除，原审计员只盯 xfail 漏了 skip 维度。  综合: D6-03 抓对了一个症状(88条xfail关回归保护)，但真根因是""后端测试根本没接入任何push/PR级CI门禁，xfail/skip 只是在一条本就不设防的链路上进一步降噪""。改 strict=True 只解决 XPASS 提醒，挡不住无门禁这个P0。","strict改True让XPASS报警(修好即提醒移出清单),并按模块认领修复这90条;否则test_api_smoke里65条核心API行为长期失明。"
P1,D1-01,D1-entry,门面,共识,蓝图统一来源登记表 source_registry 实质死亡(门面),"设计为 IngestPipeline 强校验入口的 source_registry 全库仅 4 行且全是 llm_extracted 衍生品,register_source 在 main.py 零调用,2288 条 atomic_facts 仅 4 条(0.17%)挂 source_registry_id。","SQL: SELECT count(*) FROM source_registry → 4; SELECT DISTINCT source_type FROM source_registry → 全部 'llm_extracted'(owner=contradiction_detector,role=ai_derived)。SQL: SELECT sum(source_registry_id<>''),count(*) FROM atomic_facts → 4 / 2288。代码: register_source 仅在 backend/app/services/ingest_pipeline.py:671-687 best-effort 调用,失败即静默继续(行 687 注释""继续写 atomic_facts, source_id 为 None"");grep 'register_source(' backend/app/main.py 零命中。",成立,keep,"真根因=atomic_facts写入路径从未收敛到单一主干(写侧分裂),而非""register_source best-effort静默失败""。硬证据:grep'INSERT INTO atomic_facts'命中5个独立writer(ingest_pipeline/meeting_minute_processor/smart_file_import/contradiction_detector/chat_message_reverse_ingester);其中只3个INSERT含source_registry_id列。真库交叉表(SQL:SELECT source_type,reg,count(*) FROM atomic_facts GROUP BY)证明高产路径绕开registry是【设计如此非失败】:client_internal_doc 144 + client_official_doc 53 + collaboration_task 89 = 286条100%NULL;llm_extracted 1998 NULL vs 仅4 HAS。meeting_minute_processor.py:224的INSERT列清单根本没有source_registry_id字段;chat_message_reverse_ingester.py:279-281自述""不走IngestPipeline...生产链路应该走IngestPipeline但demo这里直写""。即便唯一接了register_source的IngestPipeline.ingest(document_llm_extractor.py:413调)也只给~2002条llm_extracted中的4条挂上registry——说明IngestPipeline本身都不是真相产线主力。ingest_pipeline.py:1,14的docstring自称""4主路径统一入口...写入出口统一走IngestPipeline.ingest不再各自INSERT"",但真库与代码双重证伪:这是被破坏的""统一入口""承诺。所以source_registry是【写侧未收敛的蜘蛛网】的症状,不是孤立的接线bug。北极星层面:这正是""模块各自拉线、直查表、状态源分裂""而非""统一数据中心地基""的实锤。","二选一拍板:要么废弃 source_registry 表面设计、把 data_center_ingest_events 正式确立为唯一来源登记主干并补回 source_registry 缺失的语义(source_role/confidence/version 链);要么把 register_source 提升为所有入口的硬前置。当前两表并存=状态源分裂,必须收敛到一张。"
P1,D1-02,D1-entry,半接通,原始,最大入口(文件上传/folder 导入)完全绕过统一来源登记,"1433 个 file_import 文档(folder 导入 1194 + 其它)是全系统最大入口,却在 data_center_ingest_events 中 0 条记录;它另起炉灶写 imports+documents+v2_documents,不调用任何 data_center ingest。","SQL: SELECT count(*) FROM documents WHERE origin_type='file_import' → 1433;SELECT count(*) FROM data_center_ingest_events WHERE source_type IN('document','file_import','smart_import') → 0。代码: /api/v1/imports 端点(backend/app/main.py:46253)仅 INSERT INTO imports,文件落库走 knowledge_v2,grep 'data_center_ingest' backend/app/services/knowledge_v2.py 中无 ingest 事件登记调用。data_center_ingest_events 实际 source_type 仅 task/task_attachment/weekly_review/weekly_review_entry/event_line_manual_update/external_sentiment 六类。",成立,keep,"真根因不是""导入另起炉灶不调 ingest"",而是""file_import → source_registry 的登记调用被 organization_id 空值闸门永久 no-op,而 organization_id 空又源于 mirror_organizations 空表(身份/团队中枢从未落数据)""。  逐层证据链: - 第1层(原结论症状):source_registry 里 file_import = 0 行(虽然 register_source 调用代码存在于 knowledge_v2.py:2473)。 - 第2层:该 register_source 整段被包在 `if organization_id:` 之内(knowledge_v2.py:2452)。organization_id 为空 → 整段跳过,文件导入静默不登记。真库证:SELECT sum(CASE WHEN organization_id!='' ...) FROM v2_documents → 0/1141,即 1141 个 v2_documents 无一带 org_id,闸门对所有真实导入恒为 False。 - 第3层:organization_id 来自 worker 里 _team_ctx = _resolve_team_context_for_async_worker(state.db)(main.py:4926)。 - 第4层(真根因):_resolve_team_context_for_async_worker(knowledge_v2.py:86-96) 第一步 `SELECT id FROM mirror_organizations LIMIT 1`,空则直接 `return {}`(退化单机模式,注释明写""表不存在/空时返{} → 调用方退化成单机模式, 不接 source_registry"")。真库证:SELECT count(*) FROM mirror_organizations → 0。  所以最深根因 = mirror_organizations(身份/组织镜像中枢)从未落数据 → 团队上下文恒空 → 所有 raw_file 的统一来源登记被闸门吃掉。这同时解释了原结论解释不了的现象:为什么唯一进 source_registry 的 4 条 llm_extracted 行的 org_id/user_id/owner 字段也全空——因为整个身份中枢是空的,不止文件导入这一条入口受害。data_center_ingest_events 从来不是这条入口的设计目标表,把它当""失明的来源登记""是找错了对象。","把文件导入主流程接入 data_center_ingest_events(在 knowledge_v2 文档落库后登记一条 ingest 事件),否则数据中心""来源登记""对最大的原始资料入口是失明的,溯源/去重/权限范围全靠不上。"
P1,D1-03,D1-entry,风险,共识,组织归属(organization_id)全系统结构性为空,"documents/tasks/meetings 的 organization_id 列 DEFAULT '',真库中全部 documents 与全部 805 条 ingest_events 的 organization_id 100% 为空;owner_user_id 也大面积为空。","SQL: SELECT origin_type,sum(organization_id='') FROM documents GROUP BY 1 → 每个 origin_type 的 emptyorg 计数=该组总数(全空);SELECT source_type,sum(organization_id='') FROM data_center_ingest_events GROUP BY 1 → 全空。PRAGMA table_info(tasks): organization_id TEXT NOT NULL DEFAULT '';PRAGMA table_info(meetings): 根本无 organization_id/owner 列。ingest_task_by_id(data_center_ingest.py:1426)忠实转发 org_id,但源表值为空 → 进数据中心仍空。",成立,keep,"原结论""在写入边界注入当前组织上下文""只是中间层修复方向,真正更深根因有三层:(1) 本地部署根本不存在真实 organization 实体可注入 —— SessionUserRecord.organizationId 被硬编码为哨兵字符串 ""local-device""(backend/app/main.py:5489),不是任何真实 org id;另有路径直接给 organizationId="""" (main.py:31513) 或 userId=""local-device-user""(31174/31185/31206)。所谓""当前组织上下文""在桌面单机态里是空概念。(2) org/部门的 SSOT 物理为空:mirror_organizations / mirror_departments / mirror_users 三张镜像表均 0 行(SQL 实测),即组织/部门/人员的权威来源从未灌入本地,导致即便想注入也无值可查。(3) 写入路径设计性遗漏:常用 task INSERT(main.py:3019、24330、50621)的列清单根本不含 organization_id,默认 '' 兜底;唯一写 org 的 cloud-event-line upsert 路径(main.py:9846)也只从 payload.get(""organizationId"") 取、客户端不传则回落 """"(9897 行 fallback 到 """")。结论:organization_id 全空不是""写边界忘了注入""这一个 bug,而是【org 是云端多租户概念、桌面单机态从未实例化真实 org/部门 SSOT(mirror_* 空)、且哨兵值 local-device 也未落库】的结构性缺位。数据中心宣称的""org/部门可见性范围""在桌面态下无任何数据支撑——共识事实仓(event_lines/memory_facts)、富化索引仓(v2_documents)同样零 org,不止采集侧。","在写入边界(建任务/上传文档/建会议)强制注入当前组织/用户上下文填充 organization_id/owner_user_id;否则数据中心声称的""org/部门可见性范围""无数据支撑,多组织或权限隔离全是空字段。"
P1,D1-04,D1-entry,半接通,原始,会议入口→数据中心写回断链(meetings 表缺 org/owner 列且 0 条 meeting ingest),"main.py 4 处接了 ingest_meeting_by_id,但 meetings 表 schema 只有 client_id 没有 organization_id/owner_id/created_by,ingest_meeting_by_id 读这些列恒为 None;真库 7 个 meeting/meeting_doc 但 ingest_events 中 0 条 meeting。",SQL: PRAGMA table_info(meetings) → 仅 id/client_id/title/stage/scheduled_at/transcript_text/notes/created_at/updated_at(无 org/owner/created_by)。代码: ingest_meeting_by_id(data_center_ingest.py:1618-1619)读 organization_id/owner_id/created_by。SQL: SELECT count(*) FROM data_center_ingest_events WHERE source_type='meeting' → 0(尽管 meetings=7、documents 中 meeting_doc=7)。,已推翻/修正,keep,"真根因是【会议生命周期断在前段,ingest 只挂在后段端点上,创建/准备阶段不接数据中心】,与 meetings 表是否有 org 列无关:  会议有 3 个写库入口,其中两个创建入口完全不调 ingest_meeting_by_id: - prepare_meeting(main.py:50473,POST /api/v1/clients/{cid}/meetings):INSERT meetings stage='prepared',transcript/notes 写空串,只 _enqueue_workspace_refresh_safe,没有 _safe_data_center_ingest。→ 这就是 5 条 prepared 空会议的来源。 - _create_strategic_meeting_pack(main.py:21737):同样 INSERT stage='prepared',无 ingest 调用。 - ingest_meeting_by_id 仅挂在后段 4 个动作端点:/ingest(51702)、/extract(51747)、/publish(51816)、战略 apply_meeting_pack(42311)。  因此:会议只要不被人工推进到""入库原文/抽取/发布"",就永远碰不到 ingest 调用点。真库里 6/7 会议卡在 prepared/resolved 且 body 全空,等于这批数据从没走到后段端点 → data center 自然 0 条 meeting。这是【流程接线缺口(创建态不入库)+ 数据从未推进到触发态】的双重结果,而非 schema 缺列。  附带:claim 推荐""给 meetings 补 organization_id/owner_id 并回填""是在错误根因上施工——补了列也不会增加任何 ingest event,因为闸门根本不看 org。正确修法应是:在 prepare_meeting / 创建态就接 ingest(让""会议骨架""也进原始资料仓),或对 stage 推进做一次 backfill 扫描(data_center_ingest.py:1955-1958 的 backfill 分支已支持 source_type='meeting',只是从未被运行)。","核实会议 ingest 是否被真实触发(可能仅在 feishu minutes import/meeting ingest 端点路径,而桌面建会议没走);给 meetings 表补 organization_id/owner_id 并回填;确认 4 个调用点至少有一个对实际会议生效。"
P1,D1-05,D1-entry,半接通,共识,工作台对话反向入口产出为零(代码在但数据不在),"chat_message_reverse_ingester 有独立代码直接 INSERT atomic_facts/commitments/risk_signals(不走 IngestPipeline),但真库 0 条 commitment 来自 chat、atomic_facts 也无 chat 来源,1139 条 chat_messages 几乎未转化。","代码: chat_message_reverse_ingester.py:287(INSERT atomic_facts)、:398(INSERT commitments)、:414(INSERT risk_signals),文件头注释自承""B 报告 38 分:工作台对话 1125 条不进 atomic_facts""。SQL: SELECT count(*) FROM commitments WHERE source_type LIKE '%chat%' OR source_id LIKE '%msg%' → 0;commitments 实际 source_type 仅 ai_inferred/narrative_generator/smart_import_story;atomic_facts source_type 仅 llm_extracted/client_internal_doc/collaboration_task/client_official_doc(无 chat)。chat_messages=1139。",已推翻/修正,keep,"真根因 = 双端点架构演进留下的""接错端点""孤儿,而非""没接调度器""。  证据链: 1. 系统有两个 chat 端点。旧:POST `/workspace/chat`(同步, main.py:49219, 返回 ChatMessageRecord);新:POST `/workspace/chat/start`(异步, main.py:48664, 返回 ChatStartResponse)。reverse ingester 仅接在旧端点(49531/打包 49233)。 2. 前端早已切到新端点。api.ts:4152 只调 /chat/start;无任何代码调旧 /chat。旧端点= dead route。 3. 反向入库代码加入时间 2026-05-23(git: abeae33 + main.py 调用 69adfb3),但加在了那时已被前端弃用的旧端点上;真库 chat_messages 时间跨度 2026-03-14→2026-06-09(今天),5-23 之后的新消息全部走 /start,从未触发 ingester。 4. 旁证:旧端点还带 packaged 模式 409 短路(_packaged_workspace_chat_ai_unavailable_detail, main.py:48652-... 在 mock provider 时 raise 409),即便前端误调旧端点,packaged 环境下也会在 ingest 之前 409 退出——双保险地保证 0 产出。  即:这是""状态/入口接在错误端点""的接通缺陷(应归类'半接通-接错通道'而非'写好没插电')。修复方向不是去接 batch 调度器,而是把 ingest_chat_message 调用搬到 /chat/start 流程的 insert_user_chat_message(main.py:48987)之后,或抽成 insert_user_chat_message 内部统一副作用,使两个端点都走同一登记入口。原 recommendation""确认 batch_ingest_chat_messages 是否被调度""会把人引向错误方向(batch 版本确实零调用方,但它本就不是生产链路;生产链路是单条 ingest_chat_message,且已挂错端点)。","确认 batch_ingest_chat_messages 是否被任何端点/worker 调度;若未接调度器,这是写好却没插电的入口。对话是高价值承诺/风险来源,应纳入主干登记。"
P1,D2-01,D2-algo,门面,认知,号称的统一 context builder（llm_context.ContextComposer）是零调用死原型,backend/app/llm_context/ 的 ContextComposer/compose_context 自称'所有给LLM的prompt都走ContextComposer'(__init__.py:4)，但只实现 narrative+test 两个intent、其余 qa/intelligence_query/task_brief 全返回空 stub，且全仓零生产调用，配套 prompt_log 表真库 0 行。,"composer.py:9 注释'Week 2 雏形:只先支持 narrative intent,其他 intent stub';composer.py:175 _compose_stub 返回空 system_text/prompt_text;grep compose_context|ContextComposer 在 backend/app(除 llm_context/ 自身)仅命中 db.py:3639/5037 的DDL注释与 reasoning_trace_store.py:46 注释，无任何真实调用;SQL: SELECT count(*) FROM prompt_log = 0",成立,keep,"原结论只点到""这个原型是死的""(症状层)，真正更深根因是【系统根本不存在统一 context builder，而是有 N 个并行的、各自为政的 prompt 装配器在真实运行——ContextComposer 只是其中一个夭折的、声称要统一却零接入的失败竞争者，它的存在反而制造了""统一装配器已就位""的虚假架构信号】。三组硬证据:(A) 真正承担""统一多 intent 装配""职责的是 backend/app/services/company_brain_context_builder.py:83 的 build_company_brain_context()，其 docstring(行7)明写""不同 task_type 走不同 evidence 路由(但底层 build 一次)""——这正是 ContextComposer 假装要做的多 intent 统一装配角色；它在 main.py:39811/39932/40993/49551/50287/51210 + plan_executor.py:943 至少 7 处真实 import 并调用，是活的。(B) 另有 workspace_data_center_adapter.py(2483 行)用自己的 add_section() 机制(行1774/1962)装配""统一记忆/客户背景底稿""等 section，被 main.py 真实引用且有 test_api_smoke.py:5688-5690 断言其产出，是活的第二套装配器。(C) 连 ContextComposer 唯一声称实现的 narrative intent，生产路径也绕开它走自己的 narrative_generator.build_system_prompt()/build_user_prompt()(narrative_generator.py:621/644，吃 ClientFactBundle)，由 main.py:29971/30065 真实调用。配套证据:真库里被实际写入的 context 表全是别的机制产出的——context_packs=25 行、task_context_brief_snapshots=179 行、workspace_context_refresh_events=446 行均非空且活跃，而 ContextComposer 配套的 prompt_log=0 行。结论:40+ 个 services/*.py 各自独立调 LLM、各自拼 prompt(file_identity_classifier/review_narrative/intelligence_ai_runner/document_deep_read_service/... 满屏)，prompt 装配是典型""蜘蛛网""——多状态源、重复实现、无统一落库观测；ContextComposer/prompt_log/llm_context 整个模块是一次失败的""收编蜘蛛网""尝试，从未接入任何一条线，留在仓里只会误导""统一 context builder 已存在""的架构判断。原 recommendation(二选一:升级强制接入 或 删除停止误导)方向正确，但必须补一句:升级目标不应是这个空壳，而应评估收编/扶正已在生产跑的 company_brain_context_builder 为正式 SSOT 装配器。",明确二选一:要么把 ContextComposer 升级为真正的多 intent 统一装配器并强制各链路接入(配 prompt_log 落库)，要么删除该原型与 prompt_log/llm_context 模块，停止用'统一 context builder 已存在'误导架构判断。当前状态属于架构门面，须在发版叙事中纠正。
P1,D2-04,D2-algo,半接通,认知,下一步雷达与智能填表绕开共享检索干道，自己内联直查表拼 context,下一步雷达(strategic insights)在 main.py 内联 _collect_strategic_insight_context 直查 clients/project_modules/client_dna_documents 等表、自建 add_record 聚合器拼 context_pack，不走 retrieve_knowledge_bundle、不用 Qdrant；好的一面是它区分了 stable_base(主参考)vs dynamic_signal(背景)并带 sourceType/sourceId。,"main.py:19768 def _collect_strategic_insight_context 内 fetchone('SELECT ... FROM clients ...')、fetchall('... FROM client_dna_documents ...')(19840+)，add_record(category=stable_base|dynamic_signal,...) 自建聚合;main.py:20208 _generate_strategic_insights_with_ai 直接把该 dict 传 ai.generate_strategic_insights，全程无 retrieve_knowledge_bundle",成立,keep,"真正更深根因:系统根本没有""四仓统一检索干道"",只有一条""富化索引仓(v2_documents)单仓文档干道"",而且这条干道本身还是关键词/哈希评分、非语义。证据链:(A) 全仓只有 main.py:14895 一处调 retrieve_knowledge_bundle,封装成 build_retrieval_bundle,其 5 个调用点(main.py:14948/14953/16921/22074/45782)全是工作台问答/对话类入口,无一服务于战略雷达/智能填表/周复盘等认知产品。(B) highway 的内容 FROM 仅 v2_documents(knowledge_v2.py:4963),结构上不覆盖共识事实仓(event_lines/judgment_versions/atomic_facts/commitments)与认知产品仓。(C) highway 评分 _score_document_row→_score_by_terms 是纯 term 匹配(knowledge_v2.py:4848-4872),embeddingMode 硬编码 'hash_fallback' 且 embeddingModel=None(knowledge_v2.py:4115),所以'不走 Qdrant'是 highway 自身属性,不是雷达独有的罪。==> 故架构真相是:对'富化文档'有一条(关键词级)干道;对'共识事实仓+认知产品仓'没有任何统一干道,于是每个认知产品页(下一步雷达 _collect_strategic_insight_context、以及其它叙事/周复盘 generator)都只能各自内联直查事实/认知仓表自拼 context —— 这是蜘蛛网,不是""个别消费者抄近道""。雷达的 stable_base/dynamic_signal + sourceType/sourceId 反而是当前唯一一处对'事实仓取材'做了语义分层和来源标注的实现,是相对正确的雏形,不该被迁回单仓文档干道。",将下一步雷达/智能填表的取材迁到 retrieve_knowledge_bundle 主干道(保留主/背景区分语义)，统一检索路径与来源标注，消除'同一客户在不同页面用不同检索通道'导致的口径分裂。
P1,D2-05,D2-algo,风险,认知,三个模块硬编码直连 Ollama，绕过 AiService 网关,plan_link_predictor / meeting_minute_processor / company_brain_qa 各自硬编码 localhost:11434 + 写死模型名直连 Ollama，完全绕过 AiService 的 provider/model 解析，AI 设置 UI 与云端 provider 对它们无效。,plan_link_predictor.py:14 _OLLAMA_BASE_URL='http://127.0.0.1:11434/v1/chat/completions' + :15 _PREDICT_MODEL='qwen2.5:7b';meeting_minute_processor.py:55 OLLAMA_URL='http://localhost:11434/api/generate' + :56 DEFAULT_LLM_MODEL='qwen2.5:14b' + :116 def _call_ollama;company_brain_qa.py:44 OLLAMA_URL + :324 raw=_call_ollama(prompt),成立,keep,"真根因不是「3 个模块忘了走网关」，而是【AiService 本地档是有的，但缺一个共享本地-LLM 客户端 + 零强制护栏】，导致谁要本地模型就手搓一份。证据：  A. 「主干道」确实存在——ai.py:89-96 定义 local_text_deep/local_fast/local_vision_ocr 三档 + AI_MODEL_MODES{auto,online_first,local_first,local_only}(:89)，ai.py:527 `_resolve_deep_read_local_candidate` 直接构造 qwen3-vl:32b 本地解析 profile，base_url 由设置驱动(local_model_optimizer.py:64 `ollamaBaseUrl='http://127.0.0.1:11434/v1'`，:190 可被设置覆盖)。所以这些服务本可走统一解析，是真的绕过了一条真实存在的主干道。  B. 但 AiService 不暴露「给我一个本地 chat client」的复用入口、也无任何 lint/调用约束 → 结果是 6 份近乎复制的 `_call_ollama`(urllib + 写死 URL + 写死 model)，典型 missing-abstraction / 蜘蛛网复制。  C. 更隐蔽的二级根因=模型口径分裂：这 6 处写死 qwen2.5:7b / qwen2.5:14b(plan_link:15 / meeting:56 / file_identity:46 / historical:50 / plan_executor:339)，而 AiService 本地档解析到的组织标准本地模型是 qwen3-vl:32b(ai.py:528)。即便用户在 AI 设置里换本地模型，这 6 条链路既不改 base_url 也不改 model，且和数据中心其余链路用的根本不是同一个本地模型——状态源/模型源分裂，不止「云端切换失效」。这正是「蜘蛛网：模块各自拉线、写死表/写死模型、状态源分裂」的实证样本。",把这三处改为走 state.ai(AiService) 的统一解析(provider/model/base_url/api_key 由设置驱动)，否则发版后用户切云端/换模型时这三条链路静默失效或继续打本地 Ollama。meeting_minute_processor 已在 39566 接入端点，影响面最大。
P1,D2-07,D2-algo,半接通,共识,统一溯源台账 reasoning_traces 形同虚设：只7行、仅覆盖 fact 抽取、model 占位、prompt_log 全空,reasoning_traces 本应记录每次 AI 产出的 input_doc_ids/chunk_ids/fact_ids + prompt_log_id 做溯源，但真库仅 7 行且全是 atomic_fact 抽取，model_name 全为占位符 'ai_service'，prompt_log_id 100% NULL;同期 task brief 179/填表 59/研判 20/周复盘 9 等 AI 产物零溯源记录。,"SQL: SELECT output_entity_type,count(*) FROM reasoning_traces GROUP BY 1 → atomic_fact|7;SELECT count(*),count(prompt_log_id) → 7,0;SELECT DISTINCT model_name → 'ai_service'(占位);对照 task_context_brief_snapshots=179、client_template_fill_runs=59、strategic_thought_insights=20、weekly_reviews=9 均无对应 trace;prompt_log=0",成立,keep,"原结论只是【症状层】,真根因相反且更深:reasoning_traces 不是""应该写却没写满的统一台账"",而是【从未被各 AI 产出方采纳的统一台账——每个生成器各自另建了一套平行溯源 schema,导致溯源是分裂的蜘蛛网而非中央地基】。硬证据:(1) 各产物自带独立溯源列,根本不走 reasoning_traces——task_context_brief_snapshots 自带 generation_model/generation_prompt_version/material_pack_hash/material_boundary/used_project_signals_json,且真库 generation_model 已填真实 model_id(doubao-seed-2-0-pro-260215×159 / openai-codex_gpt-5.4×19 / qwen3-vl:32b×1,task-context-brief-v1),证明 brief 侧溯源确实存在、只是不在统一台账;(2) strategic_thought_insights 自带 source_refs_json/source_fingerprint/evidence_labels_json/raw_payload_json;(3) client_template_fill_runs 自带 evidence_titles_json;(4) 另有完全独立的证据通道 evidence_cards(378 行)/evidence_refs(62 行)。即""AI 产物零溯源""的结论框架是错的——它们有溯源,只是散落在每个产物自己的列里。(5) 能力侧反证:reasoning_trace_store.start() 形参已支持 prompt_log_id/input_chunk_ids/input_fact_ids/真 model_name(store :155-198),DDL 也预留了这些列与三个索引——基础设施完整,缺的只是""接入主网关""这一步,印证根因是【采纳缺失 / 状态源分裂】而非【台账设计缺陷或数据丢失】。因此原""把 reasoning_traces 写进 AiService 主网关""的修复方向正确但描述错了问题性质:真正要解决的是统一溯源源缺失、N 套平行溯源 schema 无法跨产物回查同一份输入材料,且 prompt_log 表(0 行)整条 LLM 调用日志通道也从未启用,使任何溯源都回查不到真实 prompt。",把 reasoning_traces 写入接进 AiService 主网关(每次 generate_* 记一条:真实 model_id + 输入 doc/chunk/fact ids + 关联 prompt_log_id)，否则'可溯源'是空话，页面引用与置信度无法回查到真实输入材料。这是发版前数据可信度短板。
P1,M-AC,D2/D3来源可见性(主线程复验),半接通,认知,问答引用溯源 answer_citations 写入约 4/21 静默停(问答仍跑但新答案丢引用钻取),"answer_runs 551 行昨日 6/9 活跃(INSERT main.py:48288),但子表 answer_citations 7595 行冻结在 4/21,静态全仓无 INSERT 只有 prioritize_answer_citations 读(main.py:46897)。","SQL(今日): SELECT count(*),max(created_at) FROM answer_citations → 7595, 2026-04-21;SELECT count(*),max(created_at) FROM answer_runs → 551, 2026-06-09。grep 'INSERT INTO answer_citations' backend/app → 0 命中(仅 CREATE+_ensure_column)。",成立(排+1校正:既非死表也非账本盲点),keep,"问答管道 answer_runs 仍写但 per-citation 溯源写入约 4/21 被移除/改写,导致新问答答案的引用钻取(drillthrough)无持久化 → 来源可见性回归。","运行态确认新问答是否仍生成 citation;若写入路径被移除则恢复 answer_citations 持久化,否则 D3 引用可见性强项对 4/21 后的答案失效。"
P1,D4-03,D4-action,风险,共识,写入侧去重靠 committer 精确相等，后缀差异即绕过 → 真库 5 组完全重复,"upsert 的幂等键是 (client_id, committer, content) 且模糊查重要求 committer 字符串完全相等；同一人在 ai_inferred 写成『顾老师』、narrative 写成『顾源源』，committer 不等导致同 content 被当新承诺写两遍。","narrative_generator.py:1255-1258 幂等 SQL `WHERE client_id=? AND committer=? AND content=?`；:1278 跨源查重 `if c_committer == committer and _title_similar(...)` 要求 committer 完全相等。真库实测 5 组 content 完全相同但 committer 不同跨源未合并：SQL `SELECT content,count(*),group_concat(DISTINCT committer),group_concat(DISTINCT source_type) FROM commitments GROUP BY content HAVING count(*)>1` 返回『完成日慈相关方案编制(顾老师,顾源源 / ai_inferred,narrative_generator)』『完成日慈文件更新』『完成日慈基金会一季度战略陪伴沟通』『完成张真半年度战略陪伴对齐』『提供心盛计划...运营数据(张真老师,张真)』共 5 行。",成立,keep,"D4-03 是症状层(把锅扣在 narrative_generator 的一个 dedup 子句上),真正更深根因是【commitments 表没有统一写入门面,7 个独立写方各自为政、去重策略不一致且都不在写入边界做 committer/content 归一】:  backend/app/services/ 下对 commitments 的 INSERT 写方至少 7 个(grep 实证):atomic_fact_semantic_deriver.py:295 / project_portrait_builder.py:386 / meeting_minute_processor.py:280 / smart_file_import.py:1086 / narrative_generator.py:1289 / chat_message_reverse_ingester.py:398,另 main.py 有多处 UPDATE。其中:   - project_portrait_builder.py:373-399(ai_inferred 写方)对 commitments 完全没有任何 content/committer 查重,只在 :325 `DELETE WHERE source_type='ai_inferred'` 后裸 INSERT——它只清自己的源,从不看 narrative_generator 的行,所以两源必然各写一份。   - narrative_generator 虽有查重(:1273-1284),但 committer 精确相等 + 比对快照是函数入口一次性加载,无法覆盖跨写方后缀差异,也无法覆盖自身跨次运行。   - 系统其实已经有现成的归一能力:todo_aggregator.py:211 `_normalize_owner_for_match`(剥老师/总/经理等后缀,:221)+ :249 `_dedupe_todos` 三档合并(档2:owner 归一等价 顾老师↔顾源源 + 标题相似就合)。但这套归一只在【读取/聚合时】用(collect_all_todos),从不在【写入边界】用。  即:根因不是""committer 精确相等""这一行代码,而是 commitments 仓(共识事实仓核心表之一)缺一条统一写入主干道。归一逻辑已存在却只挂在出口、没挂在入口,导致每个写方重复造轮子且各漏一块——这正是北极星说的""模块各自拉线、直查表、写入侧无统一调度""的蜘蛛网症状在承诺表上的具体实例。D4-03 建议(去掉 committer 精确依赖、用 _norm_actor 归一)方向对但只补 narrative 一处,补不到 project_portrait_builder 这条根本不查重的写方,治标不治本。正解=收口到单一 upsert_commitment(client_id, 归一committer, 语义content) 门面,所有 7 个写方走它。","去重键去掉对 committer 精确相等的硬依赖：用 _norm_actor(剥老师/工/总等后缀，todo_aggregator 已有该归一逻辑)归一 committer 后再比；或承诺去重只按 (client_id, 归一committer, 语义content) 而非裸字符串。"
P1,D4-05,D4-action,风险,共识,chat / meeting 写入承诺用硬编码假主体，绕开方向识别,聊天反向抽取写承诺硬编码 committer='用户'、recipient='客户/项目方'；会议处理器默认 committer='未知'——这些假主体直接进主表，使 D4 要求的『区分我方/客户方/双方』在这两条入口形同虚设。,"chat_message_reverse_ingester.py:402-403 `VALUES (?, ?, '用户', '客户/项目方', 'verbal', ?, NULL, 'pending', ...)` committer/recipient 写死；meeting_minute_processor.py:288 `str(c.get('committer','未知'))[:80]` 抽取失败兜底『未知』直接入库且 :284 status 写死 'pending'。两者都不调 classify_direction。",成立,keep,真根因是【schema 层缺方向维度 + 无统一写入闸门】，硬编码假主体只是其表层症状之一：commitments 表 DDL（实库取证）只有 committer TEXT NOT NULL / recipient TEXT NOT NULL 两个【自由文本人名】列，全库 227 表【没有任何 owner_side/direction 枚举列】（SELECT name FROM sqlite_master WHERE sql LIKE '%owner_side%' 返回空）。classify_direction（next_step_reconciler.py:243）算出的 owner_side(us/client/both) 只活在内存 ReconciledItem.owner_side（:72）→API 响应 ownerSide（:91），reconcile() 对 commitments 【零 INSERT/UPDATE】（grep 该文件无写库），算完即丢、从不落库。结果是：D4 要求的『区分我方/客户方/双方』在【整张 commitments 表层面就不可表达】——不是这两条入口『形同虚设』，而是 6 个写入方全都各写各的自由文本人名、无人归一化到 side、也没有一个集中网关强制过方向分类。因此即便按原 recommendation 给这 2 条入口补上 classify_direction，也无处可存其结果，且占 97% 数据量的另外 4 条入口仍在裸写人名——病根在『状态源分裂 + 缺标准化方向列 + 算法产物不落库』，硬编码假主体只是分裂的一个切片。,这两条入口写入前过 next_step_reconciler.classify_direction 解析真实 owner_side；committer='未知'/'用户' 的承诺不进主 pending 列表，落 needs_review 暂存待人确认。
P1,D4-08,D4-action,半接通,共识,承诺『质量门在读侧、垃圾在写侧』形成状态源分裂,同一份承诺数据，next-steps 端点看到的是 reconciler 清洗后的干净视图，而周复盘/逾期 chip/其他直查 commitments 表的页面看到的是未清洗的 75 条原始(含 5 组重复 + 假主体)，两个口径不一致。,读侧干净视图：main.py:29047 clean_items=reconciled['candidate_next_steps']。原始主表：真库 SQL `SELECT count(*) FROM commitments`=75，其中 47 有 deadline(SELECT sum(CASE WHEN deadline...)) 驱动逾期判定。逾期/周复盘等消费方直查 commitments(main.py:29761/29853/53149 等 UPDATE commitments 均按裸 id 操作未经 reconciler)。读侧 reconciler 的去重/质量门成果不回写主表，故主表仍是脏的。,成立,keep,"原结论""质量门只在读侧、脏在写侧""只是症状的中间层表述。真根因有二,逐层下钻:  第一层(原结论)：读侧有 reconciler、消费方直查裸表 → 口径不一致。  第二层(被原结论漏掉)：写侧并非""无质量门"",而是有一个【更弱且口径不同】的写侧门。narrative_generator.py:1257 upsert 时确实查重:`SELECT id,status FROM commitments WHERE client_id=? AND committer=? AND content=?`(committer 精确 + content 用 _title_similar 模糊)。它对 committer 不做 _norm_actor 归一,所以 顾源源/顾老师 视为两个主体各自插入——这正是裸表里 顾源源25+顾老师6 并存的写入机制证据(source_type: narrative_generator=46, ai_inferred=27)。  真根因 = 系统对""承诺去重/主体归一/质量分层""存在【两套独立、强度与口径都不同的规则实现】: (a) 写侧 narrative_generator 的 committer 精确+content 模糊查重(不归一主体、不挡 needs_review); (b) 读侧 next_step_reconciler 的 _norm_actor 归一 + quality_gate + 语义 action_signature 去重 + _side_of 方向判定。 两套规则没有共享同一份""承诺规范化/质量""逻辑,也没有任何一侧把结果物化为单一可信表。于是 commitments 既不是""纯脏""(写侧有弱门),消费侧也不是""全脏""(只是用了弱口径)——本质是【缺一个单一的承诺规范化 SSOT/read-model】,质量与去重逻辑碎片化到读写两端各写一遍。这比原结论""脏在写侧""更准:写侧不是没门,是门标准与读侧不统一且更弱。  因此原结论的修复方向(a 物化回写 / b 统一 read-model)方向正确,但前提诊断要修正为:必须先把(a)(b)两套规范化/去重逻辑统一为同一实现(让写侧也走 _norm_actor + quality_gate),否则即便物化回写,写侧弱门仍会持续制造新的归一化级重复。",二选一收敛：(a)把 reconciler 的清洗结果物化回写 commitments(加 quality_status 列，脏的标 needs_review 不进逾期/周复盘默认视图)；(b)所有消费 commitments 的页面统一改走一个经 reconciler 清洗的 read-model，杜绝直查裸表。推荐 (a)，让主表本身可信。
P1,D5-04,D5-jobs-state,半接通,富化,local_model_tasks 21 个 queued 永冻:worker 在但被空时间窗口/paused 关停,"21 个 queued 任务卡 4-9 天 attempts=0,worker 线程常驻但真库 settings 为 paused:true + dailyWindows=[00:00→00:00](空窗口)→ 队列永不被消费。","SQL: SELECT task_type,count(*),min(created_at) FROM local_model_tasks WHERE status='queued' GROUP BY → document_card_generation=10, document_path_optimization=10, fact_extract=1; 最老 2026-05-31(9天) attempts=0 locked_by=NULL。真库 settings: SELECT value FROM settings WHERE key='settings.local_model_optimization' → {""enabled"":true,""paused"":true,""dailyWindows"":[{""start"":""00:00"",""end"":""00:00""}],""manualActive"":false}。main.py:3793 注释'默认 enabled=False 即起线程但不跑';worker loop local_model_optimizer.py:1037 受 get_local_model_optimization_settings 节流。",已推翻/修正,keep,"真根因是生产/消费阀门不对称,而非""空窗口""或""UI 未告知"":  enqueue_local_model_optimization_tasks(local_model_optimizer.py:402-454)对 paused/enabled/window 没有任何判断,无条件 `INSERT OR IGNORE ... status='queued'`(436行)。而 settings 中 autoEnqueueDocumentCards:true(真库 settings 实测)使自动生产者持续入队,消费侧却被 paused:true(955行)全量挡死。结果是单向阀:生产恒开、消费在 paused 下恒关——这才是""21 条卡 4-9 天且仍在增长""的机制根因(真库 created_at 从 5/31→6/9 单调增长即铁证)。  更深一层的状态源缺陷:paused 这个""暂停""语义只作用在消费端,没有传导到生产端,也没有""积压上限/背压""。这不是 D5-04 说的""合法零成本待机"",而是一个会无界堆积、且把'paused'误当成全局开关用、实则只半连的状态设计。正确修复方向应是:enqueue 侧尊重 paused/enabled(暂停时不再凭空塞任务,或仅在解除时补齐),或给 queued 设积压上限/去重(input_hash 已有,但同文档多次入队仍在增),并在 settings UI 显式呈现""N 条因暂停冻结""。窗口校验那条建议应删除。","paused+空窗口是合法配置(零成本待机),但 UI 需把'21 个待处理任务被暂停'显式告知用户,否则用户以为深读在跑实则冻结;dailyWindows=[00:00→00:00] 这种空窗口应在保存时校验拒绝或视作全天。"
P1,D5-05,D5-jobs-state,门面,共识,"document_deep_read_states 14 行全 pending 15 天没动,dead_letter 通道形同虚设","深读状态表 14 行 100% status=pending、所有阶段子状态=pending、retry_count=0、locked_by 空,15 天无推进;schema 设计了 dead_letter/retry_scheduled 状态但 0 命中。","SQL: SELECT status,retry_count,count(*) FROM document_deep_read_states GROUP BY → pending,0,14。SELECT instant_summary_status,fact_extract_status,semantic_index_status,count(*) GROUP BY → pending,pending,pending,14。created_at=2026-05-26(15天前)。schema(sqlite_master)注释列出总状态含 'dead_letter','retry_scheduled' 但当前无一行处于这些状态。",成立,keep,"真根因 = document_deep_read_states 及其服务 document_deep_read_service.py 是一条【与生产链路完全断开的孤儿并行设计】,真正在跑的深读管线走的是另一张表 local_model_tasks。硬证据链:  A) 消费侧死透:claim_next()(唯一消费 pending 行的 worker 原语)全后端零调用方。grep ""claim_next"" backend/ 命中的全是 claim_next_analysis_job / claim_next_knowledge_job / _claim_next_task,无一指向本服务的 claim_next(document_deep_read_service.py:124)。  B) 服务整体未被 API 层引用:grep ""from app.services.document_deep_read_service / import document_deep_read_service"" backend/ = 空;grep 在 main.py + routers/ 同样空。即 deep_read_client/sync_states_for_client/coverage_for_client/reap_stuck 没有任何路由或线程调用。  C) 真正的导入即入队走另一张表:文档导入唯一活路径 task_runners/router.py:201 _enqueue_deep_read → 调 local_model_optimizer.enqueue_local_model_optimization_tasks,该函数 INSERT 的是 local_model_tasks(local_model_optimizer.py:431 ""INSERT OR IGNORE INTO local_model_tasks""),根本不碰 document_deep_read_states。  D) 真 worker 也绑另一张表:main.py:3790-3808 启的 deep-read-worker 线程 target=local_model_optimizer_worker_loop,注释明写""常驻消费 local_model_tasks 队列"",与 document_deep_read_states 无关。  E) 真管线是活的、本表是死的(对比铁证):    - local_model_tasks: document_card_generation completed=68/failed=34/queued=10、path_optimization completed=29/failed=59/queued=10、visual_ocr completed=10,max(updated_at)=2026-06-09T11:36:18(昨天还在动);document_cards 真产出=259 行。    - document_deep_read_states: 14 行全 pending、15 天零动。    两者都叫""深读""、都由名为 deep-read-worker 的线程语境承载,但 worker 喂的是 local_model_tasks。  F) 时间线印证孤儿:本服务+表由 commit 91fac96(2026-05-26 19:55 ""feat(deep-read M1+M2): 统一深读服务 + 状态表"")引入,14 行种子也在当天 11:56 写入,此后 service 文件再无后续 commit、表再无写入 → M1/M2""统一深读地基""只落了壳(状态表+CRUD+claim/reap 原语),M3/M4 接线(让导入入口改调 enqueue_deep_read、让常驻 worker 改调 claim_next)从未实施,生产线最终走回老的 local_model_tasks。  结论升级:dead_letter/retry_scheduled 从未命中,不是因为""retry 路径没跑起来"",而是因为【这张表根本不在任何 worker 的处理范围内,连一次 claim 都不会发生】。原结论把它当""队列没接 worker"",实际是""两套深读地基并存、状态源分裂,新的那套整条死掉""——属于北极星里的典型蜘蛛网/状态源分裂证据(同一职能两张表 document_deep_read_states vs local_model_tasks,真相源 = local_model_tasks)。","深读队列要么接一个真正会消费 pending 的 worker,要么明确这 14 行是历史残留并清理;dead_letter 通道存在但从未被触达说明 retry 路径根本没跑起来。"
P1,M-C,D5-jobs-state(主线程复验),风险,共识,成长/手册云同步 603 条 local 永不进 pending(6/8簇C今日仍成立),"growth_signal_events 今日 local=603/failed=72/synced=34;603 本地记录自建表起从未 mark_signal_pending 回填,无 backfill。","SQL(今日真库): SELECT sync_status,count(*) FROM growth_signal_events GROUP BY 1 → local 603/failed 72/synced 34。growth_sync.py:149 WHERE sync_status='pending' 排除 local 与 failed;无 failed→pending 转态、无 retry/backoff/admin API。",成立(主线程独立复验),keep,上游 591 历史记录继承 DEFAULT 'local' 从未回填 + 新记录 mark_signal_pending 抛错被三处 try/except 静默吞(growth_engine/badge_engine/local_memory)。,"L1 扫描扩到 IN('pending','failed')只扩扫不自动转态;一次性 backfill 591 条 local→pending;移除三处吞异常 try/except(快速失败暴露)。必须同时上 attempt_count 上限,否则永久卡死变永久重试。"
P1,D6-01,D6-web-test-sec,事实,NA,三块巨石坐实:路由/组件/模型各挤进单文件,"main.py 60258行内联630条路由,App.tsx 30885行塞492个Hook+96组件,models.py 9244行734个类,远超coding-style 800行上限","wc -l: backend/app/main.py=60258 / src/renderer/App.tsx=30885 / backend/app/models.py=9244。grep -cE '@app.(get|post|put|delete|patch)|@router...' main.py=630。App.tsx: grep -c 'useState|useEffect'=492, grep -c '^(const|function) [A-Z]'=96。models.py: grep -c '^class '=734, grep -c BaseModel=727",成立,keep,"D6-01 是【症状层】,真正更深根因是一场【停在数据层、从未到达路由层的半截架构迁移】,且其失败方式恰好印证北极星诊断的""蜘蛛网"":  证据链:git log -- backend/app/modules/ 显示该目录的提交全是 V2.1/V2.2 的""Repository 切线""工作——90889fc""services 层切线到 Repository""、010fe20""backend/app/modules/client/ 扩为完整 Repository""、a1f214c""ClientFactView L2 共识层""、f9880ef""ClientScopeFilter L2 三件套""、f101dcc""统一 freeze 到 stage 真相源""。即这场迁移的全部产出都集中在【共识事实仓的数据访问封装(L2 Repository/FactView/ScopeFilter)】,【从未触碰 HTTP 路由层】。迁移在数据层就断气了。  后果(这才是 P 级问题,远比""文件太大""重): - 真正的状态源/调度仍在 60258 行 main.py 里,630 条路由内联直查表,横跨全部域:clients=143、settings=46、intelligence=45、tasks=32、event-lines=21、data-center=17... 这正是北极星里""模块各自拉线、直查表、状态源分裂、算法黑箱""的物证——所有域的入口/出口/编排都糊在一个文件里,无法按仓(原始/共识/富化/认知)分层调度。 - 出现【双轨数据访问】:client 域有干净的 modules/client/ Repository(458行)+ FactView(464行),但 main.py 的 143 条 client 路由大多仍绕过它直接拼 SQL(只有 7 处 import 了 client repo),等于""地基修了一半,管道还从老墙里穿""——比""一块大石头""更危险,因为同一份客户状态有两条读写路径,易产生一致性裂缝。 所以根因不是""巨石违反 800 行"",而是""V2.1/V2.2 的 Repository 化重构半途而废,留下数据层有骨架、路由/调度层仍是单体黑箱的撕裂态"",而 D6-01 的 recommendation 误以为骨架已就绪、低估了切分成本与一致性风险。","按模块切分main.py到modules/<domain>/routes.py(已有modules骨架可挂);App.tsx按视图拆components/;models.py按域拆。30天先冻结增长(新路由禁止再写进main.py),90天按域迁移。"
P1,D6-02,D6-web-test-sec,门面,NA,"Repository模式是门面,业务全走薄DB包裹器直查SQL","modules/下有7个*Repository类但main.py仅1处真实例化,全仓1242处直接execute,DAL名存实亡,业务逻辑与SQL深度耦合",grep 'class \w*Repository' 命中7个(intelligence/narrative/knowledge/glossary/commitment/task/client 各repository.py)。但 grep '[A-Za-z]+Repository\(' main.py 只1处:main.py:10364 '_client_repo = ClientRepository(state.db)'。grep -rE 'cursor.|.execute(|conn.execute' backend/app(no venv)=1242。main.py内 db.execute=451 / db.fetchone=475 / db.fetchall=243 / 裸SQL字面量1331,成立,keep,"真正更深根因不是""DAL名存实亡/业务耦合SQL""(那只是症状),而是【写路径分裂 → Repository 自我声明的""状态唯一真相源""在代码层被旁路,造成状态源分裂】:  证据链: - ClientRepository 在 modules/client/__init__.py:8 与 repository.py 自我定位为""状态唯一真相源"",并提供 create/update/archive/set-stage 方法(repository.py:137/167/309)。archive 走 update()+_write_stage_audit 写审计日志(repository.py:317 注释""归档→stage='archived'...写 audit log"")。 - 但 main.py 对同一张 clients 表有 17 处裸 SQL 写(grep -cnE 'INSERT INTO clients|UPDATE clients\b' main.py = 17),全部旁路 Repository。其中 stage 状态转换(freeze)就是裸写:main.py:39403-39406 `UPDATE clients SET frozen_at=?, stage='frozen'` —— 不经 Repository、不写 stage audit、无 update() 守门。 - 对照:同样改 stage 的 archive 走 repo 有审计;freeze/unfreeze 走 main.py 裸 SQL 无审计。两条路径写同一个 clients.stage 列。最新 P0-freeze 提交 f101dcc""统一 freeze 到 stage 真相源""是靠在 main.py 里【再写一条裸 SQL】完成的(39404),不是收口到 repo,反而加深了旁路。 - main.py 里 ClientRepository 只用于读(get_by_id/is_archived),写全部裸 SQL。  所以""Repository=门面""只是表象;真根因是 V2.1 Week3""services 切线到 Repository""迁移(git 90889fc)只完成了 client/commitment/glossary 三条线,intelligence/narrative/knowledge/task 四条线停摆成死壳,随后 V2.2 把 60258 行 main.py 巨石叠加,审计/守门/SSOT 逻辑被裸 SQL 旁路。这是【状态源分裂 + 迁移半途而废】,危害级别高于单纯""业务耦合SQL""。","承认现状是'薄包裹器db.py'而非Repository,要么把7个Repository补全成真DAL并强制路由经它,要么删掉这7个空壳别再误导。否则任何'走数据中心统一调度'的承诺在代码层无落点。"
P1,D6-05,D6-web-test-sec,风险,共识,"同义重复表并存:exp_wall_quotes vs handbook_entries,mirror_*全空",经验墙双表并存(exp_wall_quotes 254行 + handbook_entries 21行)状态源分裂;mirror_organizations/users/departments/client_related_users 四镜像表全0行是死schema,"table_counts.txt: 254|exp_wall_quotes, 21|handbook_entries(记忆note证实前端真用handbook_entries),0|mirror_organizations,0|mirror_users,0|mirror_client_related_users。另 retrieval_shadow_runs=0/event_line_state_changes=0 也是空影子表,data_center_shadow_runs=844/organization_dna_v2_items=199 有数据",已推翻/修正,keep,"真正更深根因 = ""益语员工内部花名册镜像(mirror_users)从未被同步,导致人物身份解析主链路在真库上静默退化为全 unknown"",而非""死 schema 该 DROP""。证据链: 1) 唯一写入口是手动 POST 端点 backend/app/main.py:60056 `/api/v1/local/organization/sync`(需 cloud_base_url+token,否则 SyncReport status='skipped')。全仓 grep 前端 src/ 对 `organization/sync`/`local/organization`/`organization/directory` = 0 命中;无 scheduler/启动钩子调用。即:除测试外没有任何运行态触发器 → mirror_* 永远 0 行。 2) mirror_users 不只服务 org 模块,而是被身份解析主链路消费:backend/app/services/person_resolver.py:62-66 `SELECT id, full_name FROM mirror_users ...`,空表→ match_mirror_user 返回 None;该函数被运行态调用方 ingest_pipeline.py:811 resolve_person_name(文档摄取)与 meeting_minute_processor.py:205 build_client_roster_hint(会议纪要)使用,还有 plan_executor.py/bot_members.py。docstring(person_resolver.py:5)写明""益语员工→命中 mirror_users→resolved_kind='internal'""。mirror_users=0 ⇒ 所有内部员工说话人/负责人解析恒为 unknown,atomic_facts.speaker_entity_id 无法锚定到内部身份。 3) 源表 organizations/org_departments/employee_accounts 在本地真库根本不存在(sqlite3 报 no such table),证明 mirror 表设计上靠云端 HTTP 拉(sync.py:184-185),不是本地 JOIN;一旦不触发就必然空。 → 这是""共识事实仓(身份/event_line)地基的内部花名册维度断供""的主链路半接通问题,定性应为 P1(状态源缺供+主链路静默退化),而非 P1""重复表该 DROP""。DROP mirror_* 反而会误删在用主链路。retrieval_shadow_runs=0/event_line_state_changes=0 同理需先确认有无消费方再判,不能一并列为""死表 DROP""。","明确exp_wall_quotes是否退役并迁移到handbook_entries单一真相源;DROP掉mirror_*/retrieval_shadow_runs等0行死表,减少schema蜘蛛网与误导。"
P1,M-E,D6/四仓完整性(主线程复验),风险,共识,atomic_facts.source_v2_document_id 缺 FK → 文档删除留孤儿(6/8簇E今日仍成立),atomic_facts 指向已删 v2_documents 的孤儿今日仍为 4 条;document_recycle_bin 28 行同款无 FK。,SQL(今日): SELECT count(*) FROM atomic_facts WHERE source_v2_document_id IS NOT NULL AND source_v2_document_id NOT IN(SELECT id FROM v2_documents) → 4。db.py:2763-2781 atomic_facts FK 覆盖 client_id/subject_entity_id/source_v2_chunk_id 独缺 source_v2_document_id;relationship_triples 同款 FK 已实现证明模式已知。,成立(主线程独立复验),keep,FK 遗漏始于 commit 49ebe82;三处 DELETE FROM v2_documents 触发其他表 CASCADE 但不清 atomic_facts。,db.py:2780 补 FOREIGN KEY(source_v2_document_id) REFERENCES v2_documents(id) ON DELETE SET NULL;迁移清 4 条孤儿(先评估分析价值);recycle_bin 补 FK。
P2,D1-07,D1-entry,事实,富化,AI 生成内容与用户原始材料物理混仓(有标签但同表同索引),"AI 衍生文档(judgment_doc/internet_fact_card/project_enrichment_doc/dna 等)与 raw_file 原始材料共存于同一 documents/v2_documents/v2_chunks,被同样切块进检索索引;仅靠 canonical_kind 列区分,物理同仓。","SQL: SELECT canonical_kind,count(*) FROM v2_documents GROUP BY 1 → raw_file=602, judgment_doc=38, internet_fact_card=14, project_enrichment_doc=8 同表;JOIN v2_chunks 证 AI 衍生文档同样有 chunks(judgment_doc 等均进 v2_chunks)。documents canonical_kind 同样混含 raw_file=1443 与 judgment_doc=55 等。",,,,"确认检索/取材层是否按 canonical_kind 把 AI 衍生内容降权或隔离,避免""AI 加工产物被当成一手原始证据再喂回 LLM""造成回声放大;长期建议原始仓与认知产品仓物理分库或加 evidence_tier 硬隔离。"
P2,D1-08,D1-entry,半接通,富化,"真正在跑的文档来源主干是 source_v2_document_id,深读覆盖仅 19.8%","文档→atomic_fact 的实际溯源主干是 atomic_facts.source_v2_document_id(95.6% 覆盖),而非蓝图 source_registry;但 1141 个 v2_documents 仅 226 个(19.8%)产出过 atomic_facts,深读富化覆盖薄。","SQL: SELECT sum(source_v2_document_id<>''),count(*) FROM atomic_facts → 2187 / 2288(95.6%);SELECT count(DISTINCT source_v2_document_id) FROM atomic_facts WHERE source_v2_document_id<>'' → 226;v2_documents 总数=1141;v2_chunks 覆盖 1086 个文档(切块层覆盖好,但深读/事实抽取层只覆盖 226)。",,,,"承认 source_v2_document_id 是事实溯源主键并文档化;把深读/atomic_fact 抽取从 19.8% 推向全量(无感后台批处理),否则共识事实仓对 80% 文档是空白。"
P2,D2-03,D2-algo,风险,富化,存在两个重复的 RetrievalBundle 类（knowledge_base vs knowledge_v2）,knowledge_base.py 与 knowledge_v2.py 各定义一个 RetrievalBundle 类，是 5/28 从 v1 切 v2 留下的双轨；retriever 注释明确 v1 版因 document_chunks 缺失导致除 CFFC 外全客户 coverage=0、citations=0。,knowledge_base.py:356 class RetrievalBundle 与 knowledge_v2.py:256 class RetrievalBundle 同名两份;strategic_narrative_semantic_retriever.py:10-16 注释记录 v1(knowledge_base)版 citation grounding 依赖 document_chunks 而 v2 ingest 不建→'所有客户 coverage=0、citations=0、no_grounded_citations'，已切 v2,成立,down,"真正根因不是""v1/v2 双轨活跃风险"",而是【5/28 切 v2 后 v1 检索栈整段死代码未删,且因寄生在一个还在被广泛 import 的巨型混职责模块里而无法整体删除】。knowledge_base.py 是一个职责混杂的大文件:一边是仍活跃的工具(tokenize、reindex_client_vector、sync_qdrant_for_client、batch_enrich_surrogates、get_vector_runtime_status 等,被 main.py:1068-1083、knowledge_v2.py:26、client_profile.py、review_analysis.py、agent_worklogs.py 等多处真实 import),一边是已死的 v1 检索栈(RetrievalBundle:356、CitationMatch:341、serialize/deserialize:365/391、retrieve_knowledge_bundle:3798 及 4007/4289 两处 RetrievalBundle 构造)。正因为活跃工具与死检索器同住一文件,模块不能整体删,死的 v1 检索类就被搁浅在内。这才是""蜘蛛网""信号的本体:一个高耦合大模块把""活的向量/分词工具 + 死的 v1 检索器""焊在一起,而非一条活跃的竞争检索链路。对应北极星:富化索引仓的检索入口实际已收敛到 knowledge_v2 单一来源(11/11 调用点 + main.py 全部走 v2),并非状态源分裂;此处是死代码卫生问题。",确认 knowledge_base.RetrievalBundle 是否仍有活跃消费方;若仅 tokenize/历史工具还在用，应将 RetrievalBundle 定义收敛到 knowledge_v2 单一来源，避免后续模块误接 v1 死路。
P2,D2-06,D2-algo,门面,认知,company_brain_qa 的 LLM 问答路径是死代码（无端点调用）,company_brain_qa.answer_question(证据约束 LLM 问答，自带 _call_ollama)在全仓没有任何调用方，只有它的 build_evidence_pack 被 company_brain_context_builder 复用；即这条 QA 生成链路是门面/死代码。,grep 'company_brain_qa|answer_question(' 在 backend/app(除自身)仅命中 company_brain_context_builder.py:17 注释'复用 company_brain_qa.build_evidence_pack'，无 answer_question 调用;answer_question 定义在 company_brain_qa.py:299，内部 _call_ollama(324),,,,删除 company_brain_qa.answer_question + _call_ollama 死路，保留 build_evidence_pack;或若要启用 company brain 问答，改走主 chat 通道(retrieve_knowledge_bundle + AiService)而非另起 Ollama 直连。
P2,D2-08,D2-algo,风险,认知,prompt/system instruction 散落 18+ 文件，无中央 prompt 注册表,system instruction 字符串散落在 main.py(6处)、ai.py(8处)及 15+ 个 service 文件，每个功能各写各的 prompt，无集中管理;ContextComposer 本想统一(D2-01)但已死。,grep '你是益语|你是一名|你是一位|你是资深' 命中 main.py=6、ai.py=8、services/*=15 文件(review_narrative/understanding_builder/report_blueprint_drafter/plan_link_predictor/intelligence_brand_audit/semantic_classifier/meeting_minute_processor/company_brain_qa/digital_asset_narrative/smart_file_import/local_memory/... ),,,,随 ContextComposer 决策一并处理:若复活 composer 则把 prompt 收口为 intent→prompt 注册;短期至少集中到一个 prompts 模块按 intent 分文件，便于版本化与评测，避免改一处口径要全仓 grep。
P2,D3-03,D3-present,风险,认知,任务预览卡硬编码'CFFC'写进所有客户(活·客户串号),"一条任务预览文案把'CFFC 面向基金会客户'写死,门控不绑 CFFC,会对任意客户渲染","src/renderer/App.tsx:5233 模板字符串 `...判断它是否能成为 CFFC 面向基金会客户的下一步合作抓手。`;门控 currentFocus 仅判断 solutionConversationTask(App.tsx:5231),而该标志定义于 :5135-5137 = relationshipTask && /(系统|平台|工作台|数字化|AI|方案|赋能|合作|工作坊)/.test(evidenceSignalText),与具体客户无关。真库 clients 含 client_ae97e0a2cd 汇丰 / client_256d89c5ef 善加基金会 等非 CFFC 客户(sqlite3 -readonly app.db 'SELECT id,name FROM clients' 已验证),它们的会谈类任务会渲染出含 'CFFC' 的文案。",已推翻/修正,down,"真根因不是""一条文案写死 CFFC"",而是两层更深问题: (1)【死代码/双实现并存】整个前端 buildTaskProjectPreview(App.tsx:5006-5340,约 330 行,内含 CFFC:5233 + 第二处硬编码""基金会客户场景"":5148)已被后端 context-preview 端点(main.py:25594/31888)取代,但前端旧实现未删,taskClientPreview(12393)计算后空挂。这是""前端直算 vs 后端统一出件""两套并行的认知产品生成器,正是蜘蛛网/状态源分裂的缩影——同一'任务研判文案'有前端死路径与后端活路径两份实现,删除时机滞后。 (2)【原结论漏报】原结论只抓了 :5233 的""CFFC"",漏了同函数 :5148 `...能否切进基金会客户场景...`这第二处同类身份假设(对汇丰/士平等非基金会客户同样错),证明问题不是单点 typo 而是该死代码函数整体把""客户=CFFC/基金会""写进了模板族。若哪天有人把 taskClientPreview 重新接上 JSX(复活死代码),:5148 与 :5233 会一起串号。","删掉 CFFC 字样,改用 ${client.name} 或泛化为'你的客户';全局 grep 'CFFC' 'client_cffc' 排查同类写死。"
P2,D3-04,D3-present,风险,认知,介绍客户超时兜底=一整套'日慈'调优正文生成器(休眠地雷),"存在按日慈语料硬编码的介绍客户兜底正文生成器,advantage_summary 直接返回'日慈的优势...';当前为死代码但一旦接线即对所有客户串号","backend/app/main.py:23436-23439 _build_intro_advantage_summary 命中关键词即 return '日慈的优势不只是…',否则 return '日慈的独特之处…'(均写死'日慈',与传入 client 无关);:23382-23414 _build_intro_problem_points/_build_intro_business_lines 也按日慈业务线('心灵魔法学院'/'心盛计划'/'繁星计划')关键词匹配;组装于 :23441 build_intro_profile_answer_from_evidence。但 grep 'build_intro_profile_answer_from_evidence(' backend/app/main.py 仅命中 :23441 定义处、无任何调用点 → 当前死代码/未接线。",成立,down,"原结论只点到""一个日慈兜底函数是死代码"",真正更深根因=兜底生成层经历过一次重写,留下了【两代并存、旧代整体悬空】的兜底建造器坟场,且新代 LIVE 路径已主动拒绝模板伪答案——日慈串号只是这堆悬空旧件中最扎眼的一个症状。证据链: (1) git 取证: 941cf3e baseline 处 build_local_retrieval_fallback 还是单行简易签名;现仓库里它被一整套 _build_intro_* + build_intro_profile_answer_from_evidence 插队替换,而旧的 build_local_retrieval_fallback 又以新签名(:23621,del answer_intent 的开放式版)保留——即同一职责的""旧模板版""与""新开放式版""并存。 (2) 悬空范围远超单个函数: 四个兜底建造器全部 1 occurrence(=仅 def,0 caller): build_intro_profile_answer_from_evidence / build_local_retrieval_fallback / apply_chat_fallback_presentation_guard / build_compact_user_fallback_content。其中 apply_chat_fallback_presentation_guard(:23787)是唯一会调用 build_local_retrieval_fallback(:23812)的人,而它自己 0 caller → 整条""展示守卫→本地回退→intro builder""链条集体悬空。 (3) LIVE 真相路径(请求处理器 :47935-47977 AiInvocationError/Exception 分支)只走两条: 有 partial 则 build_partial_generation_fallback(通用,无日慈);否则返回 inline 硬编码 AiStructuredResponse,正文明写""模型生成失败,不输出本地模板伪答案""(:47957/:47970)。即架构方向已是""宁可空也不套模板"",与日慈模板簇的设计意图正面冲突。 结论: 这是 60258 行巨石 main.py 在兜底层做过一次""去模板化""重写后没有清理旧实现导致的死代码堆积(architecture archaeology 未清场),属代码结构/蜘蛛网类技术债,而非运行态串号缺陷。","删除或彻底去日慈化(advantage/business_lines 改成依据 evidence 动态生成,不写死机构名);若保留兜底,加单测断言 '日慈' 不出现在非日慈客户输出。"
P2,D3-06,D3-present,事实,NA,原始错误未直接暴露给用户(事实·良性),"前端错误统一收敛成 error.message+中文兜底,后端兜底正文里的 failure_detail 是受控 provider 错误而非堆栈","前端 App.tsx 大量 `error instanceof Error ? error.message : '中文兜底'` 模式(:7185/:7220/:8633…),无 .stack/traceback 直显;后端 failure_detail 源自 main.py:47938 generation_failure_detail = str(error.detail) 来自 AiInvocationError(:47935),再注入 Ai回答的折叠'分析'区(main.py:23528/23568 '失败详情:{failure_detail}')。属受控诊断信息,非堆栈泄露。",,,,"低优先:把'失败详情'进一步标准化成枚举原因码(超时/限流/空证据),避免偶发把模型原始 detail 透到用户折叠区。"
P2,D3-07,D3-present,半接通,NA,"页面级 fetcher 数量庞大,工作台/战略之外仍偏 stitch","api.ts 导出 528 个 fetcher,统一 bundle 只覆盖工作台/战略 cockpit,其余页面多为前端多接口拼装","grep -c 'export async function' src/renderer/lib/api.ts = 528(文件 6662 行);真正 bundle 端点仅 getClientWorkspace(:2513)与 getStrategicCockpit(:4451);资讯情报/成长/数据中心面板各自有多个独立 fetcher(getTopics/getGrowthOverview/getGrowthWorkbench/getGrowthBadges/getGrowthLedger 等,api.ts:5369/5648/5653/5666/5670),由前端分别拉取再拼。",,,,"按工作台样板,为成长中心/资讯情报各收敛一个服务端 overview-bundle 端点,减少前端拼装与状态分裂。"
P2,D3-08,D3-present,风险,共识,"云端任务回灌用客户名前2字模糊匹配,存在跨客户串号风险","事件线/客户匹配回退到'客户名前2字 in 任务标题',两个同前缀客户会被错配","backend/app/main.py:27178-27185 client_short = client_name_local[:2];if client_name_local in title or client_short in title → 命中即 cid=erow primary_client_id(注释举例 '日慈' from '日慈基金会')。真库存在多个2字易撞前缀客户(如 client_30a392788c '顾源源文章' vs client_952be522fb '顾源源';'乡村发展基金会' vs 其它'基金会'),前2字/4字子串匹配可把任务挂到错误客户。",,,,"改用精确 eventLineId/clientId 关联或全名+边界匹配,去掉前2字 substring 兜底;无法精确时标 needs_review 而非静默归属。"
P2,D4-02,D4-action,风险,共识,commitments 主表有 6 个 writer，5 个无质量门无跨源去重,commitments 是共享主表但有 6 处独立 INSERT，仅 narrative_generator 一家做了 _title_similar 跨源模糊查重；其余 5 家直接裸写主表，垃圾承诺无门可挡。,"6 个写入点：narrative_generator.py:1289 / meeting_minute_processor.py:280 / chat_message_reverse_ingester.py:398 / atomic_fact_semantic_deriver.py:295 / project_portrait_builder.py:386 / smart_file_import.py:1086。grep `_title_similar|quality_gate|reconcile|SELECT.*FROM commitments.*WHERE` 在后 5 个文件命中=0(smart_file_import 的 dedup 只是 batch 内 seen_opinions，不查 DB)。真库 source_type 分布：narrative_generator 46 / ai_inferred 27 / smart_import_story 2(SQL: SELECT source_type,count(*) FROM commitments GROUP BY source_type)。",已推翻/修正,down,"真根因不是""6个writer 5个无门"",而是【承诺主表的去重契约碎片化 + 单一写入闸门缺位】,且这是个架构债而非当前数据事故:  (a) backend/app/modules/commitment/repository.py 已存在 CommitmentRepository,但只有读方法(get_by_id/list_*)和 mark_fulfilled(line 200-214),【没有任何 insert/insert_with_dedup 写方法】(grep 全文无 INSERT)。即""单一写入入口""这个抽象壳已搭好却空着,6个 writer 全绕过它直写 db.execute,各自实现风格不一的去重:narrative 是 _title_similar 模糊、atomic_fact 是 source_id 幂等、portrait 是 source_type DELETE 重建、smart_import 是批内短键、meeting/chat 干脆没有。去重语义按 source_type 分区各管一摊,跨 source_type 不互查(例:meeting 抽的承诺与 narrative 抽的同一条承诺不会互相查重)。  (b) 数据库层零兜底:`SELECT sql FROM sqlite_master WHERE name='commitments'` 显示无 (client_id,committer,content) UNIQUE 约束、无 trigger,唯一 autoindex 在 id PK 上。所以一旦 meeting/chat 路径或未来新 writer 放量,DB 没有最后一道防线,只能靠各 writer 自觉。  (c) 当前零重复/两家零产出是""运气好/路径冷""而非""有闸门保护""——meeting_minute_processor(main.py:39566)和 chat_message_reverse_ingester(main.py:49530)都已接进活路由,可达但未放量。所以这是【latent 架构债】:契约碎片 + 共享写门空置 + DB 无约束,三者叠加使主表的去重正确性依赖每个 writer 各自不出错。原结论指对了病灶(该把去重收敛成单一写门),只是把""未来风险""误报成了""当前 5 家正在制造垃圾""的既成事故,并因跨行 grep 漏判了 2 家其实有门。",把 narrative_generator.upsert_commitments_from_narrative 里的 _title_similar 跨 task+commitment 查重 + 拟引入的 quality_gate，抽成 commitments_repository.insert_with_dedup() 单一写入闸门，6 个 writer 全部改走它。
P2,D4-04,D4-action,风险,共识,语义改写绕过 50% 阈值 → 一个动作裂成 8 行承诺,_title_similar 阈值 0.5 + 字符集合重叠判定，挡不住措辞改写；同一『南沙公益创投情报跟进』动作在真库被 LLM 每次重生 narrative 换个说法，裂成 8 条独立承诺。,"todo_aggregator.py:225-243 `_title_similar(threshold=0.5)` 用 set(字符) 重叠率；真库 SQL `SELECT committer,content,status FROM commitments WHERE content LIKE '%南沙%'` 返回 8 行：『完成南沙区公益创投情报跟进』『完成南沙区公益创投青少年心理健康服务平台搭建方向情报跟进』『完成南沙区公益创投青少年心理健康赛道情报跟进』『梳理南沙公益创投投标预案』『梳理日慈核心项目南沙公益创投投标预案』『跟进南沙公益创投的具体申报规则』『跟进南沙区...服务平台搭建方向情报(顾老师)』『跟进南沙区...赛道情报』——均同一动作不同措辞，未合并。『一季度战略陪伴沟通』同样裂 4 行。",已推翻/修正,down,"真正根因不在 `_title_similar` 阈值,而是承诺写入侧的【多写入器扇入 + 无表级唯一约束 + 跨写入器零对账】结构性问题:  A) commitments 有 7 个独立 INSERT 写入器(grep 实证):narrative_generator.py:1289、atomic_fact_semantic_deriver.py:295(ai_inferred)、project_portrait_builder.py:386、meeting_minute_processor.py:280、smart_file_import.py:1086、chat_message_reverse_ingester.py:398、加 narrative 的 upsert。每个写入器各自做 ad-hoc 去重(narrative 用 _title_similar、atomic_fact 用 source_id、portrait 用 DELETE+重建),彼此互不知晓。真库 source_type 分布:narrative_generator 46 / ai_inferred 27 / smart_import_story 2——证明多源并存。  B) 表无唯一约束兜底。schema.sql 实证 commitments 仅 PRIMARY KEY(id)+两个普通 INDEX(idx_commitments_client_status / idx_commitments_committer),无 (client_id,committer,content) UNIQUE。任何写入器的 ad-hoc 去重一旦失效或缺位(如 5-20 前、如跨写入器),DB 层无任何防线,直接落库。  C) 去重锚点是脆弱字符串而非稳定签名。narrative 写路径用 committer 原始字符串精确相等做门控(1278行),""顾老师/顾源源""同人因字符串不同被判不同主体——这才是 ai_inferred 行逃逸的真因,与阈值无关。  所以 D4-04 是""症状的错误归因"":症状(8 行)真实存在,但归到 `_title_similar` 阈值是错的;真因是承诺仓没有统一写入闸门(SSOT 写入器)、没有跨写入器语义签名对账、没有表级唯一约束。换 reconciler 的 bigram 签名只升级了 narrative 单条写路径的相似度算法,治不了另外 6 个写入器和无约束兜底。",复用 next_step_reconciler.action_signature 的 bigram + _same_action(Jaccard≥0.45/overlap≥0.6) 替代 _title_similar 的字符集合法，承诺写入查重统一走 reconciler 那套更强的语义签名。
P2,D5-01,D5-jobs-state,风险,共识,"job_stage_runs 僵尸行卡死 55 天,无 reaper(66-E 复现且更老)","149 个 stage 行卡 >7d(63 queued+86 running),最老 55 天,其中 129 行父任务已 completed/failed;全后端无任何 reaper/dead-letter 回收 job_stage_runs。","SQL: SELECT status,CASE WHEN julianday('now')-julianday(updated_at)>7 THEN '>7d' END,count(*) FROM job_stage_runs WHERE status IN('queued','running') GROUP BY... → queued>7d=63, running>7d=86。最老 running: analysisstage_38c03f3f5c77ba39 started_at=2026-04-15T15:12:44 finished_at=NULL age=55d。SQL JOIN: SELECT aj.status,jsr.status,count(*) FROM job_stage_runs jsr JOIN analysis_jobs aj ON jsr.job_id=aj.id WHERE jsr.status IN('queued','running') GROUP BY → completed/queued=63, completed/running=66, failed/queued=9, failed/running=35(共129孤儿)。grep -rln 'job_stage_runs' backend/app/ 仅返回 db.py(建表)+analysis_center.py(读写),无 reaper;grep 'UPDATE.*status|stuck|reclaim' WHERE job_stage_runs → 空。",已推翻/修正,down,"真根因 = job_stage_runs 把【可变生命周期状态(status)】与【行身份(id)】耦合:status 被哈希进主键(analysis_center.py:80 + 各阶段 3422/3501/3577 把 status 当 _stable_id 入参),导致同一 stage 的每个状态各占一行、永不就地更新。后果是这张表【不是状态表而是事件流/追加日志表】,但它又被命名/索引成状态表(idx_job_stage_runs_status on (job_id,stage_name,status,updated_at DESC)),并被 D5-01 当状态表解读 → 得出""149 行卡死""的假象。真正的设计缺陷有两层:① 身份建模错误:状态不该进主键,正确做法是主键=(job_id,stage_name,attempt) 就地 UPDATE status,或显式承认这是 append-only 事件表并提供""latest per stage""视图(类似 idx_..._status DESC 取最新)。② 缺""最新态""收口语义:无论哪种,系统都缺一个""按 (job_id,stage_name) 取最新行""的统一读法,使任何审计/页面/同事 AI 直接 SELECT status 这张表都会被历史 running/queued 行误导(D5-01 自己就是第一个受害者)。这正是北极星说的""状态源分裂/重复行""蜘蛛网的微观实例:同一事实(某 stage 是否完成)散在多行、无单一真相视图。","上线前补一个启动期 reaper:对 job_stage_runs 中 status IN(running,queued) 且父 analysis_jobs 已 completed/failed 的行,或 updated_at 距今 > 阈值(如 6h)的行,统一改 failed 并写 detail='stale_reclaimed';同理在 worker 启动时跑一次 sweep。否则状态源永久不可信。"
P2,D5-02,D5-jobs-state,风险,共识,100% completed 任务拖着 running 的孤儿 stage 行(显示成功/后台 running),"全库 63 个 status=completed 的 analysis_jobs 每一个都至少有一条仍 running/queued 的 stage 行,即父子状态结构性永不收敛。","SQL: SELECT count(DISTINCT aj.id) FROM analysis_jobs aj JOIN job_stage_runs jsr ON jsr.job_id=aj.id WHERE aj.status='completed' AND jsr.status IN('running','queued') → 63。SELECT count(*) FROM analysis_jobs WHERE status='completed' → 63。两数相等=100%。代码侧 analysis_center.py:409 stage 行用 ON CONFLICT DO UPDATE upsert,父任务 finalize 时不回写未结束 stage → finished_at 永为 NULL。",已推翻/修正,down,"真正根因不是""finalize 不回写""这种 bug,而是【job_stage_runs 表的设计语义=append-only 事件流(每状态一行,id 含 status 判别符),但表名/字段(status/finished_at)伪装成可变状态表(state row),造成审计者把历史 running 快照误读成活动状态】。即""事件日志 vs 状态行""的语义混淆。证据:_stable_id 把 status 编入 PK(:3045/3425/3479/3580)使 upsert 永不命中=故意 append;唯一读取处(:1067)无去重/无取最新,直接吐全历史。这类表真正的风险不是状态不收敛(已收敛),而是:(a)语义不自描述,任何按 status='running' 统计活动任务的新代码都会被历史行污染(目前无此调用方,故未爆雷,属潜在地雷);(b)append 行只增不清,running/queued 死行随每次跑无限累积(当前 running 101+queued 72 全 finished_at NULL),长期是表膨胀而非状态错误。所以原结论建议的""finalize 同事务把非终态 stage 落终态""是错的修法——会破坏 append-only 事件流语义且和 id-含-status 的 PK 设计直接冲突(落终态需新 id,等于再 append 一行,解决不了死行累积)。正确方向是:要么把它明确文档化/视图化为事件流(读取侧按 job_id+stage_name 取 created_at 最新一行投影状态),要么给死的 running/queued 行加 TTL/归档清理,而不是去""修状态一致性""。","父任务 finalize(标 completed/failed)的同一事务里,把该 job_id 下所有非终态 stage 行一并落终态(completed 或 skipped),保证父子状态原子一致。"
P2,D5-03,D5-jobs-state,风险,富化,"local_model_tasks 93 个 failed 全因调用从未实现的方法,代码自认真凶","93 个 failed 任务中 91 个 last_error='AiService object has no attribute generate_local_model_json',该方法全仓从未定义,代码注释明确标为'高失败率真凶'。","SQL: SELECT substr(last_error,1,90),count(*) FROM local_model_tasks WHERE status='failed' GROUP BY → ""'AiService' object has no attribute 'generate_local_model_json'""=91。grep 'generate_local_model_json' backend/app/ 仅命中注释:local_model_optimizer.py:685 '#M1修复: generate_local_model_json 从未在 AiService 实现(全仓无定义)→历史上每个...必失败';:781 同样 path_opt。无任何 def generate_local_model_json。",已推翻/修正,down,"真正的现状不是""死方法仍在毒害队列"",而是两个更值得记录的事实:  (a) 【陈旧 failed 死信未清理】93 个 failed 是修复前(2026-05-08 批次)的历史残骸,从未做 dead-letter 清理或重置入队。原结论这部分(历史 failed 应清理/dead-letter)是其唯一站得住的子论点,但严重度只到 info/P2(脏数据,不影响当前链路),绝非 P1。  (b) 【enqueue 默认仍关 path_opt 是过时的止血,可放开但没人改回】DEFAULT_SETTINGS `autoEnqueuePathOptimization: False`(:49)与 enqueue 默认只入 card-gen(:412 `task_types or [TASK_TYPE_DOCUMENT_CARD]`)是 bug 存在时期(2026-05-27 E 注释)的止血措施。现在 path_opt 处理器已修(b4713d4),止血理由已消失,但默认值没回调,且真库里已有 10 个 path_opt queued 等着——属于""修复完成但 feature flag 未跟进恢复""的治理遗留,P2 级。  (c) 深读地基并未""全断"":document_cards 真库 259 行,document_card_generation completed=68。原结论""无 document_cards→深读地基全断""的因果前提在当前库被实测推翻。","path_optimization 处理路径在修好 generate_local_model_json(或改调已存在的 AI JSON 方法)前应禁止入队;当前 enqueue 默认只入 card-gen(:415)已部分止血,但历史 93 个 failed 应清理或 dead-letter。"
P2,D5-06,D5-jobs-state,风险,原始,文件数量有 4 个互相打架的真相源(无 SSOT),"同一'文件/文档'概念散落在 26 张表,核心计数源 documents=2083 / v2_documents=1141 / knowledge_documents=612 / document_catalog_index=206 互不相等,无统一真相源。","SQL: SELECT 'documents',count(*) FROM documents UNION ALL ... → documents=2083, v2_documents=1141, knowledge_documents=612, document_catalog_index=206。sqlite_master 列出 26 张含 document/file/attachment 的表(client_dna_documents/document_cards/document_chunks/v2_documents/knowledge_documents/document_catalog_index/...)。",已推翻/修正,down,"真问题不在""4个真相源"",而在两个更深层: (A) 【页面取数口径分裂(真实存在,但是症状而非DB无SSOT)】不同页面widget从链条不同环节取数且无统一口径:客户工作台头部 documentCount 直接数 documents (main.py:13998: COUNT FROM documents WHERE content_domain='work');知识状态页 totalDocuments/reviewPending 数 v2_documents (knowledge_v2.py:4109 compute_knowledge_status: COUNT FROM v2_documents WHERE material_layer IN('evidence','external_media_transcript'));文件夹卡用 max() 三表混算。同一客户在三个页面看到三个""文件数""是页面层口径不统一,不是DB层缺SSOT。更糟:存在两份同名函数 compute_knowledge_status(services/knowledge_base.py:3398 与 knowledge_v2.py:4109),main.py 同时 import 两个 knowledge_* 模块(main.py:1068/1084),口径来源本身就分叉。 (B) 【FK声明形同虚设——真正的数据完整性根因】PRAGMA foreign_keys=0(真库实测,OFF)。所有 document_id REFERENCES + ON DELETE CASCADE 在运行时都不强制。后果实测:knowledge_documents 有 10 个 document_id(全 xlsx, lifecycle=current)在 documents 里查无;v2_documents 有 2 个 task_doc 孤儿(sysdoc_*)。documents.lifecycle_status 还有 invalid=345/deleted=7/error=1,但下游 v2/knowledge 不一定随之级联清理(CASCADE 不生效)。这才是""数字会越漂越远、对账只能靠 max() 兜底""的根因:不是缺一张SSOT表,而是(1)有根SSOT但FK不强制导致派生层挂孤儿,(2)消费侧每个页面各自挑链条某一环计数、无统一计数服务。","定义一个文件计数 SSOT(建议 v2_documents 作原始资料仓主键),其余表作为派生视图或带明确语义子集;各页面'文件数'统一从 SSOT 取数,避免不同页面显示不同数字。"
P2,D5-07,D5-jobs-state,半接通,富化,向量索引 34/38 stale、FTS 仅覆盖 52%、深读覆盖 1.2%,富化索引仓严重欠覆盖:vector_index_manifests 38 个里 34 个 stale 仅 2 ready;FTS knowledge_master_index_fts 仅 596 条 vs v2_documents 1141(52%);深读 14/1141(1.2%)且全 pending。,"SQL: SELECT status,count(*),sum(master_indexed),sum(chunk_indexed) FROM vector_index_manifests GROUP BY → building=2, ready=2(master=166,chunk=157), stale=34(全0)。SELECT count(*) FROM knowledge_master_index_fts=596; v2_documents=1141 → 52%。SELECT count(DISTINCT document_id) FROM document_deep_read_states=14;1141→1.2%。",已推翻/修正,down,"真正更深的根因有两层（与原结论方向相反）：  A) 富化索引仓的【主索引】其实接近全覆盖，原结论完全漏掉它。真正被后端检索消费的索引是 v2_chunks：`SELECT count(DISTINCT v2_document_id) FROM v2_chunks`=1086，正好等于 `SELECT count(*) FROM v2_documents WHERE chunk_count>0`=1086 → 文档级 chunk 覆盖 1086/1141=95.2%；未覆盖的 55 篇正是解析失败/作废文档(`parse_status`: failed=52/partial=10；`lifecycle_status`: invalid=51/deleted=7)。v2_chunks 确为活跃检索索引(backend/app/main.py:3492、28745、28763 的 `FROM v2_chunks` 检索查询)。所以""富化索引仓对大半文档是空的""是错的——主链路 95% 已建。  B) 真正存在但被原结论错配的，是【多套并行索引路径状态源分裂 + 旧路径残留未清理】这一蜘蛛网问题：同一份""富化索引""被切成至少 4 套互不对账的状态源——(i)v2_chunks(主，95%) (ii)document_chunks(仅 171 distinct doc，旧路径残留) (iii)knowledge_master_index/FTS(565/596，又一条独立管道，仅 10 client) (iv)document_deep_read_states(新编排表，死掉 14 行) (v)vector_index_manifests(per-client 向量，只 2 client ready，且 ready 的也半残:client_284afd836e master_indexed=152 但 chunk_indexed=0)。没有任何单一权威覆盖率指标，导致审计员随手抓到哪张表就得出截然相反的覆盖率。这才是 P1 根因：索引状态源分裂、旧表未退役、缺统一 coverage SSOT——而非""索引欠覆盖""。  附带次生 bug：FTS 有 31 条孤儿（`SELECT count(*) FROM knowledge_master_index_fts f WHERE NOT EXISTS(SELECT 1 FROM knowledge_master_index k WHERE k.id=f.entry_id)`=31），即 FTS 与基表删除未同步漂移，属 info/P2。","索引覆盖率应作为数据中心健康指标暴露在仪表盘;stale manifest 需有重建调度;52% FTS / 1.2% 深读意味着检索/深读功能对大半文档是空的,页面应区分'已索引/未索引'而非假装全覆盖。"
P2,D5-08,D5-jobs-state,风险,认知,max(updated_at) per-client 把 failed 选成'最新状态'展示,"client_analysis_runs 33 个 failed,按 client 取 max(updated_at) 的最新行里存在 failed(client_55f5a8c847、client_a4d1db29a7),即页面以'最新一次'呈现状态时可能展示失败行,且全表 max() 聚合会掩盖单行卡死。","SQL: SELECT c.client_id,c.status FROM client_analysis_runs c JOIN(SELECT client_id,max(updated_at) mx GROUP BY client_id) m ON... WHERE c.status!='completed' → client_55f5a8c847|failed, client_a4d1db29a7|failed。另证 max() 掩盖:对 job_stage_runs 用 max(updated_at) 时 since_last_upd_days=0(被新行盖),改 per-row 才暴露 55 天僵尸。",,,,"页面取'最新分析状态'应优先取最新 completed 行而非无条件 max(updated_at);健康检查禁止用 max/min 聚合判断卡死,必须 per-row 计算 age。"
P2,D5-09,D5-jobs-state,事实,原始,intelligence_fetch_jobs 69.5% 抓取无结果(静默低产),"1996 条抓取任务中 1387(69.5%)status=no_results,但 failure_reason 全空,属静默低产而非显式失败。","SQL: SELECT status,count(*) FROM intelligence_fetch_jobs GROUP BY → no_results=1387, success=609。SELECT round(100.0*sum(status='no_results')/count(*),1)=69.5。SELECT failure_reason,count(*) WHERE failure_reason!='' → 空(no_results 不写 failure_reason)。",,,,"70% 无结果说明资讯抓取的 query/provider 配置质量低;应统计每个 source_config 的命中率并提示用户优化或停用低产源,而非持续空跑。"
P2,D6-04,D6-web-test-sec,风险,NA,"无统一请求追踪:request_id仅4处,前端错误上报近乎缺失","后端request_id全仓仅4处引用,无run_id/task_id/request_id三联日志关联;前端只1个ErrorBoundary+17处console.error,无集中错误上报","grep -rEc 'request_id|X-Request-Id|requestId' backend/app(no venv) 非0文件仅4个。前端 grep 'Sentry|captureException|window.onerror'=1(src/renderer/main.tsx:23 RendererErrorBoundary,无remote上报);console.error 仅6文件17处。run_id|task_id 在services 38文件出现但与日志未统一串联",已推翻/修正,down,"真正更深根因不是""无上报/无日志""，而是【已建成的可观测性面没有闭合接线 + 无关联键】，两层：  (1) 远端上报已建但未挂全局兜底：src/renderer/main.tsx 的三个全局错误出口——window 'error'(:93)、'unhandledrejection'(:101)、RendererErrorBoundary.componentDidCatch(:36)——全部只 console.error + recordBootEvent，无一调用 reportClientError。即 clientErrorReport 通道只覆盖8个手工埋点，真正的""未捕获前端异常/白屏""反而进不了远端日志。这是""工具造好了没接到主水管""的典型半接通，比""缺失""更隐蔽。  (2) 跨层无关联键：_request_logging_middleware(main.py:3561)与 client-error(:30385)写的是同一 SystemLogger 的同一份 JSONL，物理上已同流，但两侧都不写 request_id/trace_id，前端 reportClientError 的 payload(clientErrorReport.ts:19-26)只有 route/feature/userAgent，无任何能与后端某次请求对齐的 ID。所以""前端报错""与""后端那条 500""无法对齐——根因是缺关联键，不是缺通道。修复应是""在现有中间件注入 request_id 并回写响应头 + 前端上报带上它""，成本极低（地基90%已在），而非原文暗示的""从零搭可观测性""。","加请求中间件注入request_id并贯穿日志/错误响应,前端ErrorBoundary接远端上报。否则线上问题无法跨层定位,黑箱可观测性。"
P2,D6-06,D6-web-test-sec,风险,NA,289处 except...:pass 静默吞异常,"backend/app共1662个except子句中289处直接pass吞掉异常无日志,违反'never silently swallow errors'","python正则统计:total except clauses=1662, 'except ...: pass'=289(backend/app no venv)。bare 'except:'=0(都带类型,略好)",,,,289处至少补logger.warning记录上下文;批量审计哪些pass掩盖了真错误(尤其schema/网络相关)。
P2,D6-08,D6-web-test-sec,门面,认知,门面mock数据散落UI层,"settings与intelligence视图存在MOCK_常量直供页面(更新日志/我的反馈/品牌感知度),与记忆note'反馈入口mock'一致,属UI门面",UpdateContentCard.tsx:17 MOCK_VERSION='0.2.3'+:19 MOCK_GROUPS;FeedbackSection.tsx:44 MOCK_MY_FEEDBACK供'我的反馈'列表;IntelligenceStationView.tsx:3014 __MOCK__ P14-E + :3027 MOCK_STAKEHOLDER_PERCEIVABILITY 直接喂排序。后端有18个文件含mock/demo关键词,,,,"标注这些为未接通门面,接真后端或在UI明示'示例数据',避免被当真功能验收。"
P2,M0-1,M0环境,风险,NA,"运行态=feature分支HEAD+1脏文件,非纯 main",当前在 feat/weekly-overview-factlayer-channel-2026-06-10(=origin/main+1 merge)且带 1 个未提交脏文件 review_narrative.py;运行态后端 reload 直读此源。,git rev-list --left-right --count origin/main...HEAD = 1 0;git status --porcelain = ' M backend/app/services/review_narrative.py';ps: uvicorn --reload --reload-dir backend/app :47829。,成立,keep,"并行 AI churn(19 worktree)下主仓常带未提交脏改;运行态≈HEAD+脏,审计快照 file:line 为当前时点。",发版前合 main + 清脏文件;以 main 干净 HEAD 重打包验收。
